{
    "mae": 2.0395392156862746,
    "r2_score": 0.8922527442109116
}